Models,MAE,MAPE,Time series label,Time
Prophet,14.76900384448528,5.253128575160529,temp,378.1588498000001
Prophet,1628.4096382112539,170.4877893540315,traffic_volume,161.9285186999996
