Models,MAE,MAPE,Time series label,Time
Prophet,11.90260155672423,4.233229067342592,temp,359.6864052000001
Prophet,2144.547812430203,105.70875404333466,traffic_volume,124.74680009999975
