Models,MAE,MAPE,Time series label,Time
Prophet,16.460784210482572,5.835930539611253,temp,354.8085530999997
Prophet,2158.662078897621,273.0183884632223,traffic_volume,144.34791979999864
