Models,MAE,MAPE,Time series label,Time
Prophet,10.965026525254858,3.884593159944812,temp,382.26896789999955
Prophet,2849.9696683172065,86.09506758631025,traffic_volume,134.6598739000001
