Models,MAE,MAPE,Time series label,Time
Prophet,16.364752538228675,5.7819568709894735,temp,344.99546050000026
Prophet,2367.774971978984,299.58476134834507,traffic_volume,141.8695274999991
