Models,MAE,MAPE,Time series label,Time
Prophet,8.055093638180631,2.857521246145823,temp,347.6398672
Prophet,2516.4099986470455,80.01708342922201,traffic_volume,150.4467652999997
