Models,MAE,MAPE,Time series label,Time
Prophet,16.619492404498555,5.875759327429403,temp,1088.1094350000003
Prophet,1663.0757572682833,180.89564103744954,traffic_volume,151.61522660000082
