Models,MAE,MAPE,Time series label,Time
Prophet,12.609997468855724,4.46456550761095,temp,1067.799401100001
Prophet,1847.70736334226,227.40440940494358,traffic_volume,135.7545467
