Models,MAE,MAPE,Time series label,Time
Prophet,17.864824154426227,6.305555250820295,temp,330.3756157000007
Prophet,1966.5444489546433,245.94947605412986,traffic_volume,111.68115459999899
