Models,MAE,MAPE,Time series label,Time
Prophet,13.027563926628261,4.6062437816629425,temp,371.1155627999997
Prophet,3110.1214085860715,88.61798305373624,traffic_volume,151.30591970000023
