Models,MAE,MAPE,Time series label,Time
Prophet,19.686113893686,6.9389993597688395,temp,395.94035050000093
Prophet,2152.5536646527094,269.5471636702232,traffic_volume,151.42327899999873
