Models,MAE,MAPE,Time series label,Time
Prophet,22.24014776753606,7.821563229374822,temp,329.250281800003
Prophet,2323.457820008157,290.35631306453905,traffic_volume,118.11477079999895
