Models,MAE,MAPE,Time series label,Time
Prophet,17.554367449252915,6.174237178916588,temp,332.7659236999971
Prophet,1852.830962957585,238.56125337886448,traffic_volume,109.05149689999962
