Models,MAE,MAPE,Time series label,Time
Prophet,21.821692958228326,7.657124596285874,temp,388.36878609999985
Prophet,1853.3274898426303,134.05551895800306,traffic_volume,118.6901231999982
