Models,MAE,MAPE,Time series label,Time
Prophet,21.722758754111226,7.620673555678642,temp,309.02301400000215
Prophet,1769.1665416452465,220.16731544681258,traffic_volume,124.62262069999997
