Models,MAE,MAPE,Time series label,Time
Prophet,20.099073728456464,7.0498845523300515,temp,352.05940989999726
Prophet,1893.7405322827867,130.5379376976674,traffic_volume,116.40988930000094
