Models,MAE,MAPE,Time series label,Time
Prophet,22.050177288581278,7.729196609907245,temp,249.85629550000158
Prophet,1846.2808213381993,234.052333572581,traffic_volume,109.25023260000307
