Models,MAE,MAPE,Time series label,Time
Prophet,23.952051290664294,8.389092924123286,temp,295.8268880999999
Prophet,3094.373293550871,87.2221602475987,traffic_volume,129.2748012999998
