Models,MAE,MAPE,Time series label,Time
Prophet,31.208538096962183,10.896923248166722,temp,346.0841769000001
Prophet,2158.9594902576778,275.5058173990383,traffic_volume,152.20988699999998
