Models,MAE,MAPE,Time series label,Time
Prophet,25.81637555579811,9.035743761832611,temp,307.1920184999999
Prophet,1777.9159561193512,225.79566524475703,traffic_volume,150.39667979999967
