Models,MAE,MAPE,Time series label,Time
Prophet,31.11720479282456,10.867378552969312,temp,310.48627220000026
Prophet,2837.7278715430425,84.27652552449852,traffic_volume,112.23999529999992
