Models,MAE,MAPE,Time series label,Time
Prophet,39.34246070776853,13.708022442694679,temp,347.1987545999991
Prophet,1705.344731889632,183.74230946782197,traffic_volume,165.59191529999953
