Models,MAE,MAPE,Time series label,Time
Prophet,38.68786336046886,13.482428854714982,temp,353.20065109999996
Prophet,2144.4046212603903,109.12008345752557,traffic_volume,113.59360399999969
