Models,MAE,MAPE,Time series label,Time
Prophet,43.258784938902366,15.06007777678372,temp,337.0126227999999
Prophet,1993.2199310109843,252.1550236728472,traffic_volume,131.42259900000045
