Models,MAE,MAPE,Time series label,Time
Prophet,39.36779508288669,13.715892015261332,temp,312.18918010000016
Prophet,3079.972440411505,87.52069881333557,traffic_volume,152.60896969999976
