Models,MAE,MAPE,Time series label,Time
Prophet,40.73410178583136,14.185950421281152,temp,331.98218760000054
Prophet,1816.0980204288371,228.11449809862506,traffic_volume,147.10941979999916
