Models,MAE,MAPE,Time series label,Time
Prophet,46.358243926889266,16.124463473205054,temp,397.74362669999937
Prophet,2817.1553211949904,82.35084213621448,traffic_volume,126.30703900000117
