Models,MAE,MAPE,Time series label,Time
Prophet,46.8602203127124,16.295039239880097,temp,344.4052264000002
Prophet,1856.3971228183932,135.5579481712706,traffic_volume,132.92980230000103
