Models,MAE,MAPE,Time series label,Time
Prophet,50.34927142654406,17.495625795618558,temp,331.03257289999965
Prophet,1888.1163711615857,243.8495218410689,traffic_volume,134.0596966000012
