Models,MAE,MAPE,Time series label,Time
Prophet,52.460700568716874,18.221617650837217,temp,306.08058879999953
Prophet,2091.1429654211606,108.44193555152515,traffic_volume,120.60363979999966
