Models,MAE,MAPE,Time series label,Time
Prophet,80.80340732978748,28.016945745799138,temp,299.44718230000035
Prophet,2225.3012724405858,279.6849000058273,traffic_volume,305.02477569999974
