Models,MAE,MAPE,Time series label,Time
Prophet,80.66214226824178,27.965993172481003,temp,263.46649140000045
Prophet,1872.632721318954,135.37047138659958,traffic_volume,383.2876261000001
