Models,MAE,MAPE,Time series label,Time
Prophet,83.61278683012333,28.982978562630034,temp,264.3153232000004
Prophet,1819.3181417118822,227.3364022862334,traffic_volume,103.64032549999865
