Models,MAE,MAPE,Time series label,Time
Prophet,81.16657086113618,28.137724821440273,temp,267.82504530000006
Prophet,2829.690028298358,83.6818367142841,traffic_volume,125.9675341000002
