Models,MAE,MAPE,Time series label,Time
Prophet,90.23352975061619,31.261075349480855,temp,262.9054015999991
Prophet,2378.3894874778134,294.6113644373382,traffic_volume,121.71309960000144
