Models,MAE,MAPE,Time series label,Time
Prophet,84.13296572709775,29.158897643310556,temp,273.23529340000096
Prophet,1874.5563732833505,136.0080739156594,traffic_volume,134.92392599999948
