Models,MAE,MAPE,Time series label,Time
Prophet,91.24384620361542,31.604380332139986,temp,243.0456492000012
Prophet,1734.3643705365203,192.362702919693,traffic_volume,128.0046779000004
