Models,MAE,MAPE,Time series label,Time
Prophet,90.80670693604527,31.449846360125367,temp,250.6946061000017
Prophet,2152.6444009737434,108.3042435227533,traffic_volume,116.31486589999986
