Models,MAE,MAPE,Time series label,Time
Prophet,95.14605312156101,32.93926345944253,temp,240.27399739999964
Prophet,1972.3970109227844,252.7627174511321,traffic_volume,105.51126250000016
