Models,MAE,MAPE,Time series label,Time
Prophet,90.5535473439481,31.356770029431363,temp,218.08418370000072
Prophet,3027.2713238652104,86.86860946782969,traffic_volume,103.8625011999975
