Models,MAE,MAPE,Time series label,Time
Prophet,98.10774773401856,33.95176657802002,temp,226.32860679999794
Prophet,2224.144405603596,280.9711865432619,traffic_volume,117.5931453000012
