Models,MAE,MAPE,Time series label,Time
Prophet,97.9741115047426,33.89795603775357,temp,233.14485449999847
Prophet,1798.49906351686,225.0713974674012,traffic_volume,139.54273820000162
