Models,MAE,MAPE,Time series label,Time
Prophet,102.91127906107856,35.58910214935714,temp,268.9948793000003
Prophet,2424.3363198635875,297.0767048504152,traffic_volume,139.86599429999842
