Models,MAE,MAPE,Time series label,Time
Prophet,104.68372930378943,36.195325246550375,temp,297.5972244000004
Prophet,1723.056078305225,185.14221261179281,traffic_volume,146.64097540000148
