Models,MAE,MAPE,Time series label,Time
Prophet,102.20120926392153,35.34173721332147,temp,301.3086996999991
Prophet,1905.5132112769777,239.32884538648403,traffic_volume,122.6123665999985
