Models,MAE,MAPE,Time series label,Time
Prophet,108.33174085772637,37.443196479361326,temp,281.5725009000016
Prophet,2015.131032227542,254.75689626496506,traffic_volume,133.6369431000021
