Models,MAE,MAPE,Time series label,Time
Prophet,105.52362979191906,36.47210209829987,temp,264.7565583999967
Prophet,1827.027641465427,226.34405103285604,traffic_volume,132.2533822000005
