Models,MAE,MAPE,Time series label,Time
Prophet,11.923935038517959,4.208943772974939,temp,363.72488060000023
Prophet,1711.2892585419377,99.29516904921961,traffic_volume,135.88633329999993
