Models,MAE,MAPE,Time series label,Time
Prophet,10.189646076223552,3.6255521788262377,temp,334.3412064000004
Prophet,1765.2170660502688,201.84788515211687,traffic_volume,128.9539623999999
