Models,MAE,MAPE,Time series label,Time
Prophet,15.435261299349706,5.481660007424704,temp,363.1819635000011
Prophet,1922.2133466901032,232.98497480081545,traffic_volume,136.47361789999923
