Models,MAE,MAPE,Time series label,Time
Prophet,10.595133412960033,3.7655254787935535,temp,363.60218429999986
Prophet,3241.512602393713,90.58568377384579,traffic_volume,148.8599639999993
