Models,MAE,MAPE,Time series label,Time
Prophet,9.510930414009612,3.3752885741442173,temp,351.7633950999989
Prophet,1745.4286106402687,216.77574772023016,traffic_volume,139.39744169999904
