Models,MAE,MAPE,Time series label,Time
Prophet,13.310799171228572,4.716389742223579,temp,349.5331000999995
Prophet,1940.262648429465,139.062743266703,traffic_volume,137.55531449999944
