Models,MAE,MAPE,Time series label,Time
Prophet,12.742153760209979,4.513976729194638,temp,350.22668410000006
Prophet,1746.9286489836543,220.75080647696507,traffic_volume,134.55358749999868
