Models,MAE,MAPE,Time series label,Time
Prophet,10.216461371473015,3.618640337611229,temp,357.1372612999985
Prophet,1845.487258677225,131.5207324442294,traffic_volume,133.12467199999992
