Models,MAE,MAPE,Time series label,Time
Prophet,14.120824661194934,4.9941357756402995,temp,344.96704900000077
Prophet,2107.714015536922,104.26415192007387,traffic_volume,103.12509320000026
