Models,MAE,MAPE,Time series label,Time
Prophet,13.038613742944488,4.607008091597413,temp,381.6357057999994
Prophet,1766.7847651635345,220.80688838733465,traffic_volume,197.8732157000013
