Models,MAE,MAPE,Time series label,Time
Prophet,17.719643107209716,6.245226875684354,temp,396.99026049999884
Prophet,1883.3441930929437,130.58295958732774,traffic_volume,122.69898699999976
