Models,MAE,MAPE,Time series label,Time
Prophet,17.92588030190422,6.315270787049878,temp,569.9458890000024
Prophet,1745.8595622585476,215.5146513060434,traffic_volume,122.22800689999713
