Models,MAE,MAPE,Time series label,Time
Prophet,15.040724967828801,5.344226352701357,temp,344.6193622999999
Prophet,2490.8084983086255,264.1302080580949,traffic_volume,104.92435060000025
