Models,MAE,MAPE,Time series label,Time
Prophet,16.493064032248824,5.812641997426938,temp,444.1934782000026
Prophet,2894.0169519003007,84.847127065531,traffic_volume,184.25463049999962
