Models,MAE,MAPE,Time series label,Time
Prophet,15.724895853982341,5.540878274505713,temp,323.9452003999977
Prophet,1896.3908553744645,132.4428915831914,traffic_volume,124.9742907999971
