Models,MAE,MAPE,Time series label,Time
Prophet,21.766443338912257,7.6516946184870385,temp,371.61541170000055
Prophet,1713.346281544878,189.975294041692,traffic_volume,120.12670369999978
