Models,MAE,MAPE,Time series label,Time
Prophet,18.78372966074332,6.603888185258241,temp,323.5289045000027
Prophet,2155.1410067118245,108.43447478666033,traffic_volume,134.47597739999765
