Models,MAE,MAPE,Time series label,Time
Prophet,22.21095801047744,7.798872137634129,temp,307.4945375999996
Prophet,1974.263495327216,252.633791922018,traffic_volume,177.68616259999908
