Models,MAE,MAPE,Time series label,Time
Prophet,17.92334741990877,6.296181278681533,temp,637.0255152999998
Prophet,3092.342588581685,90.84287715867121,traffic_volume,112.16742010000235
