Models,MAE,MAPE,Time series label,Time
Prophet,23.691029729060812,8.312110765002572,temp,299.74974700000166
Prophet,2140.4420397699937,270.997182272971,traffic_volume,137.00354010000228
