Models,MAE,MAPE,Time series label,Time
Prophet,17.84220695273737,6.263677332066384,temp,357.4465367999983
Prophet,1799.234414205083,225.66438287147434,traffic_volume,128.74783039999966
