Models,MAE,MAPE,Time series label,Time
Prophet,8.683460387239439,3.096540954837717,temp,369.2349769999996
Prophet,1560.7708479399366,164.9978195861649,traffic_volume,171.64029619999974
