Models,MAE,MAPE,Time series label,Time
Prophet,20.32715096248896,7.132124363545085,temp,363.3963236999989
Prophet,2923.74005335558,84.7223525745687,traffic_volume,129.85152719999678
