Models,MAE,MAPE,Time series label,Time
Prophet,25.42649769006681,8.905683305766745,temp,318.3699783999982
Prophet,2295.176616713148,286.3427850224625,traffic_volume,120.72489719999794
