Models,MAE,MAPE,Time series label,Time
Prophet,25.76132415062453,9.01880224682499,temp,291.44882300000245
Prophet,1702.2530572726732,181.8949267976858,traffic_volume,140.4335929000008
