Models,MAE,MAPE,Time series label,Time
Prophet,23.914802029736453,8.376904105839206,temp,318.02116909999995
Prophet,2173.48089347891,108.83553074890366,traffic_volume,210.31864540000004
