Models,MAE,MAPE,Time series label,Time
Prophet,27.964217830193036,9.776189516214155,temp,372.2369564999999
Prophet,1966.5872070780413,250.65468575583353,traffic_volume,179.49021160000007
