Models,MAE,MAPE,Time series label,Time
Prophet,14.289727695940353,5.117549112547076,temp,325.2925343000006
Prophet,1466.4772567676794,117.49757361878368,traffic_volume,109.64747350000016
