Models,MAE,MAPE,Time series label,Time
Prophet,30.70844090777727,10.724799491640331,temp,303.25603950000004
Prophet,1898.5118423765998,132.70902984567238,traffic_volume,133.58076219999975
