Models,MAE,MAPE,Time series label,Time
Prophet,32.19295976150934,11.238225920985025,temp,316.1042784000001
Prophet,1777.8688684953352,221.70366971862464,traffic_volume,132.61584999999968
