Models,MAE,MAPE,Time series label,Time
Prophet,37.648811412160526,13.121965265259327,temp,368.1549648
Prophet,2373.9249200143454,291.01462087315235,traffic_volume,127.09232650000013
