Models,MAE,MAPE,Time series label,Time
Prophet,31.98253986240194,11.165701715085575,temp,378.1383096999998
Prophet,1863.8424063623531,133.53435947783305,traffic_volume,127.10758460000034
