Models,MAE,MAPE,Time series label,Time
Prophet,35.93079025817583,12.529210447375688,temp,399.0351714999997
Prophet,1877.1646799258328,237.14133358412295,traffic_volume,131.7824644000002
