Models,MAE,MAPE,Time series label,Time
Prophet,13.674202304175804,4.887934357747754,temp,310.30292629999985
Prophet,1633.317326503847,179.64978244874698,traffic_volume,104.26695370000016
