Models,MAE,MAPE,Time series label,Time
Prophet,46.730133914658936,16.256432087146592,temp,343.6477100000002
Prophet,2164.170106974597,278.14765120671075,traffic_volume,146.88986639999985
