Models,MAE,MAPE,Time series label,Time
Prophet,46.00872318901137,16.004717535751116,temp,319.22892019999927
Prophet,1903.952566851048,136.30172795346905,traffic_volume,135.99106080000092
