Models,MAE,MAPE,Time series label,Time
Prophet,47.14503817387435,16.396010522218237,temp,303.59269069999937
Prophet,1788.0798616585703,226.61941010313856,traffic_volume,128.52309950000017
