Models,MAE,MAPE,Time series label,Time
Prophet,52.61933288374023,18.281585032939788,temp,314.0007375999994
Prophet,2408.475410206279,300.9395087336253,traffic_volume,111.35777509999934
