Models,MAE,MAPE,Time series label,Time
Prophet,53.63221561468032,18.62756827024321,temp,447.1230914000007
Prophet,1713.217047714317,196.04797708968883,traffic_volume,154.26283089999924
