Models,MAE,MAPE,Time series label,Time
Prophet,11.543405261033318,4.1270285844350685,temp,334.5398875000001
Prophet,2693.3308576206123,79.34214263976276,traffic_volume,150.76432340000065
