Models,MAE,MAPE,Time series label,Time
Prophet,77.169290637844,26.771284885639187,temp,257.49905559999934
Prophet,2004.2467838353502,255.62789377313302,traffic_volume,116.43412620000163
