Models,MAE,MAPE,Time series label,Time
Prophet,72.87688986192926,25.29076922409636,temp,241.56199749999905
Prophet,3014.5617740915814,87.69103768373088,traffic_volume,115.14399070000036
