Models,MAE,MAPE,Time series label,Time
Prophet,74.84324661371903,25.964057908372716,temp,250.46202130000165
Prophet,1877.9265725912067,237.4148854685481,traffic_volume,133.94296009999925
