Models,MAE,MAPE,Time series label,Time
Prophet,16.6036888728284,5.9217846503492,temp,359.99274479999985
Prophet,2466.480892923172,261.7553870699505,traffic_volume,134.69984459999978
