Models,MAE,MAPE,Time series label,Time
Prophet,88.39652895687047,30.62328963835942,temp,247.69407169999977
Prophet,1908.665075122618,242.03110088808398,traffic_volume,107.61587960000179
