Models,MAE,MAPE,Time series label,Time
Prophet,92.2106592651788,31.922420091883975,temp,267.9318630000016
Prophet,1842.2648350349803,230.99776530445197,traffic_volume,141.8827409000005
