Models,MAE,MAPE,Time series label,Time
Prophet,96.65547523972845,33.44628987147189,temp,257.65923770000154
Prophet,1870.9440509216133,134.1049839515154,traffic_volume,116.96478429999843
