Models,MAE,MAPE,Time series label,Time
Prophet,9.32278338743931,3.3263029358953795,temp,343.91142280000076
Prophet,1819.5092808200718,112.65403519866706,traffic_volume,142.3324445999997
