Models,MAE,MAPE,Time series label,Time
Prophet,96.57681944909216,33.4151879500014,temp,238.5248489000005
Prophet,2824.5456174113892,82.536506711349,traffic_volume,108.98409239999819
