Models,MAE,MAPE,Time series label,Time
Prophet,97.46691911300714,33.717009806746184,temp,251.53320990000066
Prophet,1864.15515268542,136.9208284433447,traffic_volume,110.68593429999964
