Models,MAE,MAPE,Time series label,Time
Prophet,104.4142667041129,36.10044936317674,temp,274.60363009999855
Prophet,2145.601145458645,107.50971707788462,traffic_volume,147.67298049999954
