Models,MAE,MAPE,Time series label,Time
Prophet,104.43872253536722,36.103979099779856,temp,280.95091390000016
Prophet,3064.3693507259713,87.4661020360159,traffic_volume,126.48647720000008
