Models,MAE,MAPE,Time series label,Time
Prophet,111.4747118008818,38.518500480346454,temp,253.75742659999742
Prophet,2167.7701147724315,272.06773021459065,traffic_volume,131.05972699999984
