Models,MAE,MAPE,Time series label,Time
AutoTs,5.262846892841244,1.8323308952255684,temp,988.2965406999999
AutoTs,582.0529335532628,27.577497720189083,traffic_volume,788.9552503
