Models,MAE,MAPE,Time series label,Time
AutoTs,4.526923031709354,1.6069677797415722,temp,154.98157459999857
AutoTs,950.9040241714096,67.3336195593961,traffic_volume,193.42886670000007
