Models,MAE,MAPE,Time series label,Time
AutoTs,5.877298641835483,2.086220682767969,temp,319.5662783000007
AutoTs,465.11618007800746,26.997012422966726,traffic_volume,127.22800970000026
