Models,MAE,MAPE,Time series label,Time
AutoTs,5.527185324572075,1.9611041968125458,temp,256.3960797
AutoTs,559.8499552532377,29.132428168100304,traffic_volume,166.6684834000007
