Models,MAE,MAPE,Time series label,Time
AutoTs,5.019448039485861,1.7840075753712707,temp,392.8972364000001
AutoTs,509.09406031399914,28.643442825951222,traffic_volume,302.41216449999774
