Models,MAE,MAPE,Time series label,Time
AutoTs,1.6274169020251947,0.575808568906225,temp,109.54766259999997
AutoTs,1081.3071138616228,84.63598750977764,traffic_volume,76.48577300000034
