Models,MAE,MAPE,Time series label,Time
AutoTs,5.249644158809459,1.857160576191189,temp,158.83491619999768
AutoTs,669.9938675855366,41.8766421096748,traffic_volume,386.6474395999976
