Models,MAE,MAPE,Time series label,Time
AutoTs,3.7850891399159656,1.3335506439075355,temp,232.40513570000257
AutoTs,368.40378908558944,19.63561160206999,traffic_volume,204.57528620000085
