Models,MAE,MAPE,Time series label,Time
AutoTs,3.6904018982705926,1.287333497893603,temp,305.8519766000027
AutoTs,596.5553675791986,35.454853325515586,traffic_volume,176.52202150000085
