Models,MAE,MAPE,Time series label,Time
AutoTs,7.049578991030319,2.494489186558755,temp,258.96330550000005
AutoTs,805.7074818122071,41.58137836242389,traffic_volume,212.0747513
