Models,MAE,MAPE,Time series label,Time
AutoTs,5.562535714285725,1.970415403287013,temp,167.6480511000002
AutoTs,525.6929527908732,30.381025348833184,traffic_volume,345.9698019
