Models,MAE,MAPE,Time series label,Time
AutoTs,4.4142999999999635,1.5596913280226403,temp,210.00484479999977
AutoTs,610.2024240818325,31.656171816531863,traffic_volume,203.10270590000027
