Models,MAE,MAPE,Time series label,Time
AutoTs,4.260237691613708,1.5054707505627192,temp,249.89898600000015
AutoTs,300.26084906231574,16.182861817707195,traffic_volume,377.59199260000014
