Models,MAE,MAPE,Time series label,Time
AutoTs,15.974134590594039,5.605447178826549,temp,301.7804642000001
AutoTs,1953.6098039215688,123.27564835637726,traffic_volume,416.7509282000001
