Models,MAE,MAPE,Time series label,Time
AutoTs,8.889702023238232,3.1200801339954087,temp,218.8433567000002
AutoTs,551.1372543269192,32.45724139979118,traffic_volume,344.0878904000001
