Models,MAE,MAPE,Time series label,Time
AutoTs,7.5234212759174985,2.6379667150586092,temp,365.4995959000007
AutoTs,541.8756366058941,32.03421134037127,traffic_volume,424.48440219999975
