Models,MAE,MAPE,Time series label,Time
AutoTs,2.71448322104217,0.9640572639031866,temp,229.72682039999927
AutoTs,1068.633653610159,68.83603475430739,traffic_volume,58.79131480000069
