Models,MAE,MAPE,Time series label,Time
AutoTs,7.144084879803291,2.496820695644902,temp,239.38610049999988
AutoTs,523.8692829192802,30.48334787336975,traffic_volume,343.86572049999995
