Models,MAE,MAPE,Time series label,Time
AutoTs,6.732318181818182,2.3399344122851886,temp,219.4339160999989
AutoTs,577.8476025950854,29.108135976677357,traffic_volume,234.34497360000023
