Models,MAE,MAPE,Time series label,Time
AutoTs,6.371292300897702,2.217272787061113,temp,260.35661919999984
AutoTs,508.78444444444443,29.033794343031342,traffic_volume,320.7536952999999
