Models,MAE,MAPE,Time series label,Time
AutoTs,4.798093824915557,1.6495266831139161,temp,595.8224833000004
AutoTs,504.4431991358101,28.606292153888152,traffic_volume,299.7375142000001
