Models,MAE,MAPE,Time series label,Time
AutoTs,6.203808510638303,2.1546683666984268,temp,268.0617085999984
AutoTs,340.95255213470944,16.342249639132962,traffic_volume,527.1166125
