Models,MAE,MAPE,Time series label,Time
AutoTs,4.5291410738638245,1.5531851291353598,temp,403.19708379999975
AutoTs,574.3599726770179,27.53611631828236,traffic_volume,304.1721271000006
