Models,MAE,MAPE,Time series label,Time
AutoTs,4.623670053293163,1.5874481769317135,temp,365.9830420999988
AutoTs,631.6164686430278,30.949672219610786,traffic_volume,373.18852360000164
