Models,MAE,MAPE,Time series label,Time
AutoTs,4.422850522000727,1.5196367975826282,temp,354.2491716000004
AutoTs,210.21356914556804,8.177729423583676,traffic_volume,345.2155022000006
