Models,MAE,MAPE,Time series label,Time
AutoTs,4.318023056511573,1.4838690086528903,temp,438.85601769999994
AutoTs,678.6869119478321,29.674860321723358,traffic_volume,453.3298517000003
