Models,MAE,MAPE,Time series label,Time
AutoTs,5.459618487812744,1.8918319986673573,temp,594.9926059999998
AutoTs,504.5525873410857,28.35298934546821,traffic_volume,596.3122367000033
