Models,MAE,MAPE,Time series label,Time
AutoTs,6.036130775978997,2.101981451272996,temp,392.3680824000003
AutoTs,500.321106340973,28.10215281356984,traffic_volume,433.6085636000025
