Models,MAE,MAPE,Time series label,Time
AutoTs,5.982265007042087,2.0883469522293354,temp,396.261442899995
AutoTs,492.9022392318414,27.203741842590627,traffic_volume,685.3206645999962
