Models,MAE,MAPE,Time series label,Time
AutoTs,6.586818998348767,2.3015834165659594,temp,612.3827844999978
AutoTs,583.545250132279,29.045008173353526,traffic_volume,462.7553879000043
