Models,MAE,MAPE,Time series label,Time
AutoTs,5.35302493046916,1.861324642660096,temp,462.40235219999886
AutoTs,533.2320801451307,30.54112104170384,traffic_volume,566.5905493999962
