Models,MAE,MAPE,Time series label,Time
AutoTs,5.419677250863358,1.88703238933258,temp,385.78153349999775
AutoTs,593.7896067837285,30.294060390510186,traffic_volume,536.4095325999951
