Models,MAE,MAPE,Time series label,Time
AutoTs,5.574872297297297,1.9375527603701024,temp,590.5839963000001
AutoTs,601.3566780047365,30.157019304216487,traffic_volume,596.8733166999999
