Models,MAE,MAPE,Time series label,Time
AutoTs,4.710960534569409,1.6193239181978878,temp,452.65915790000054
AutoTs,565.3345803666981,28.90367723311254,traffic_volume,1040.9315494000002
