Models,MAE,MAPE,Time series label,Time
AutoTs,5.193357120105008,1.806084706519294,temp,511.7867315000003
AutoTs,520.6786141239062,29.13973971229524,traffic_volume,627.9072665999993
