Models,MAE,MAPE,Time series label,Time
AutoTs,6.884973535708855,2.4631382773541715,temp,127.53834339999958
AutoTs,787.4943934136413,49.5688816933569,traffic_volume,286.2447072999985
