Models,MAE,MAPE,Time series label,Time
AutoTs,6.540320987654319,2.2761144952357726,temp,518.6021850000001
AutoTs,626.3396299280234,24.063470095649578,traffic_volume,650.7553451
