Models,MAE,MAPE,Time series label,Time
AutoTs,6.6879808130805545,2.3329848930244843,temp,459.19504620000043
AutoTs,581.9546608149869,28.72319342556775,traffic_volume,622.8924849
