Models,MAE,MAPE,Time series label,Time
AutoTs,4.728473604525538,1.6389166640432853,temp,588.8629830999998
AutoTs,257.77319429598737,12.296527246335181,traffic_volume,637.8512179000008
