Models,MAE,MAPE,Time series label,Time
AutoTs,5.20904471764479,1.8036711107924333,temp,11566.587994999998
AutoTs,594.4686413651214,30.01354415960887,traffic_volume,739.3353244999998
