Models,MAE,MAPE,Time series label,Time
AutoTs,4.280072537792722,1.4732937706022857,temp,638.251498499998
AutoTs,525.3569549299436,29.186596951644233,traffic_volume,815.754166499999
