Models,MAE,MAPE,Time series label,Time
AutoTs,5.327186240665757,1.8455099274637305,temp,496.38409540000066
AutoTs,330.8353335401405,17.52104315576255,traffic_volume,724.6073552999987
