Models,MAE,MAPE,Time series label,Time
AutoTs,5.2796835668763835,1.886213433612232,temp,132.64995540000018
AutoTs,265.496373222836,11.818820383095769,traffic_volume,102.16583560000072
