Models,MAE,MAPE,Time series label,Time
AutoTs,4.619696605407711,1.5907646692971802,temp,492.01144609999756
AutoTs,581.006433207767,29.502086360927688,traffic_volume,614.7875148999992
