Models,MAE,MAPE,Time series label,Time
AutoTs,5.064994680851063,1.747098169581576,temp,771.5767641999992
AutoTs,515.4018617021277,28.520981554528923,traffic_volume,899.5115561999992
