Models,MAE,MAPE,Time series label,Time
AutoTs,5.0370986130688244,1.7486553282683566,temp,487.1032368999986
AutoTs,330.6113174909739,19.13935462252865,traffic_volume,530.7534653000002
