Models,MAE,MAPE,Time series label,Time
AutoTs,6.708627849260288,2.277390000822484,temp,660.7140419999996
AutoTs,508.8046875,28.046931485805448,traffic_volume,985.8100429999977
