Models,MAE,MAPE,Time series label,Time
AutoTs,6.240112327919033,2.2232049266820524,temp,260.0852224999999
AutoTs,667.0967874488683,36.36193906738351,traffic_volume,235.28684390000126
