Models,MAE,MAPE,Time series label,Time
AutoTs,0.6984289251850953,0.24637294367277962,temp,273.3657800000001
AutoTs,162.7395038210661,5.88746027568798,traffic_volume,87.37876959999994
