Models,MAE,MAPE,Time series label,Time
AutoTs,2.895449179186458,1.032749719822143,temp,86.7823427000003
AutoTs,635.4271527597665,33.54534343681582,traffic_volume,261.13097559999915
