Models,MAE,MAPE,Time series label,Time
AutoTs,4.920314055802043,1.7555733771952575,temp,195.9961703000008
AutoTs,635.3967857418812,33.457293236368585,traffic_volume,221.73617419999937
