Models,MAE,MAPE,Time series label,Time
AutoTs,4.0172718077560425,1.433270611254537,temp,168.02586510000037
AutoTs,618.3676132206299,30.660900094942985,traffic_volume,241.38062779999927
