Models,MAE,MAPE,Time series label,Time
AutoTs,3.1002407924505273,1.1060072029496415,temp,106.73228809999819
AutoTs,540.9269727651456,31.465283178246295,traffic_volume,186.42902759999924
