Models,MAE,MAPE,Time series label,Time
AutoTs,10.956044019021755,3.8785016032130573,temp,134.5216528000019
AutoTs,640.5337543350416,39.34426460649373,traffic_volume,247.90425999999934
