Models,MAE,MAPE,Time series label,Time
AutoTs,4.456107867787028,1.5734186439590638,temp,225.17091230000005
AutoTs,575.72375,35.20167109735455,traffic_volume,282.08229270000083
