Models,MAE,MAPE,Time series label,Time
AutoTs,9.581003045370164,3.391164483968603,temp,239.90635779999866
AutoTs,632.1956108306639,36.01763780426806,traffic_volume,204.66969719999906
