Models,MAE,MAPE,Time series label,Time
AutoTs,9.284006315467362,3.2815251060529254,temp,276.40857179999875
AutoTs,567.4360020965305,33.09523998213545,traffic_volume,382.77887850000116
