Models,MAE,MAPE,Time series label,Time
AutoTs,7.618463484174531,2.694665972950088,temp,196.08975049999998
AutoTs,702.5354861974841,35.34972107261766,traffic_volume,375.38508270000005
