Models,MAE,MAPE,Time series label,Time
AutoTs,8.821733573123103,3.1077654936053394,temp,194.1331212
AutoTs,289.79234660394593,15.298329581995418,traffic_volume,245.3708322
