Models,MAE,MAPE,Time series label,Time
AutoTs,2.168931346842434,0.7678901679418576,temp,101.42340820000027
AutoTs,769.4973400075122,65.76805942975594,traffic_volume,106.4364852000017
