Models,MAE,MAPE,Time series label,Time
AutoTs,6.14121740604011,2.1704533819252707,temp,186.67605159999994
AutoTs,642.6126298523111,29.73627340106554,traffic_volume,340.4875308999999
