Models,MAE,MAPE,Time series label,Time
AutoTs,9.320628197228707,3.285458579767464,temp,387.09590819999994
AutoTs,632.1753922767098,30.841388399493486,traffic_volume,404.7069167999998
