Models,MAE,MAPE,Time series label,Time
AutoTs,8.173558600283485,2.8755217405429487,temp,199.81920450000052
AutoTs,1188.7017358186201,55.446952629317536,traffic_volume,422.90309610000077
