Models,MAE,MAPE,Time series label,Time
AutoTs,11.416153604683956,4.006197540376764,temp,348.17564930000026
AutoTs,1753.620138397084,79.40292629003814,traffic_volume,322.26571629999944
