Models,MAE,MAPE,Time series label,Time
AutoTs,15.167186413166354,5.320530882554025,temp,278.2698338
AutoTs,533.9702702702702,31.34564987994011,traffic_volume,309.97574110000005
