Models,MAE,MAPE,Time series label,Time
AutoTs,8.484548996002792,2.9800900834408925,temp,381.58229759999995
AutoTs,599.2132584989868,33.13994692148165,traffic_volume,272.46908619999977
