Models,MAE,MAPE,Time series label,Time
AutoTs,6.636598088765882,2.3175273127874654,temp,261.53706819999934
AutoTs,601.215740775771,31.870099205649232,traffic_volume,387.33046210000066
