Models,MAE,MAPE,Time series label,Time
AutoTs,7.504084820952204,2.6230893631169487,temp,369.06772699999965
AutoTs,628.5998199400934,30.886540272421247,traffic_volume,297.96549810000033
