Models,MAE,MAPE,Time series label,Time
AutoTs,5.829298488144591,2.0212165827921527,temp,489.9680852999991
AutoTs,575.0808274254282,30.23140972401519,traffic_volume,299.70279120000123
