Models,MAE,MAPE,Time series label,Time
AutoTs,5.7396661333993,1.9881258968735631,temp,301.3409544999995
AutoTs,466.06921447221754,23.1637650861638,traffic_volume,378.59565269999985
