Models,MAE,MAPE,Time series label,Time
AutoTs,2.6639205294455817,0.9591976292428082,temp,278.51851219999844
AutoTs,1142.4678620499071,76.29289015112899,traffic_volume,114.81291359999886
