Models,MAE,MAPE,Time series label,Time
AutoTs,5.517761581906347,1.9021158433935303,temp,269.74541749999844
AutoTs,574.5859679929137,26.81230356810756,traffic_volume,715.8888180999966
