Models,MAE,MAPE,Time series label,Time
AutoTs,4.513582241836656,1.5501689865938055,temp,408.34571190000133
AutoTs,591.5573853311911,29.593080365500686,traffic_volume,368.72877829999925
