Models,MAE,MAPE,Time series label,Time
AutoTs,5.24450909090909,1.8098103215209085,temp,417.0649565999993
AutoTs,595.5597020060193,29.8404180909588,traffic_volume,391.9564812999997
