Models,MAE,MAPE,Time series label,Time
AutoTs,5.84620270892828,2.0346142498487216,temp,289.16766780000034
AutoTs,909.4279339339201,89.00526953898478,traffic_volume,583.8697802000024
