Models,MAE,MAPE,Time series label,Time
AutoTs,4.3145338346795015,1.48320951635548,temp,411.34355250000226
AutoTs,627.0405517543545,29.18977846464696,traffic_volume,423.61268629999904
