Models,MAE,MAPE,Time series label,Time
AutoTs,5.128838983050848,1.777433982961665,temp,343.82426089999717
AutoTs,520.0284355420223,29.239570488610827,traffic_volume,395.47845900000175
