Models,MAE,MAPE,Time series label,Time
AutoTs,2.7815185432064777,0.9989079103221612,temp,50.43525749999935
AutoTs,819.1400710237839,50.77263542347362,traffic_volume,120.22432370000024
