Models,MAE,MAPE,Time series label,Time
AutoTs,6.596387126072909,2.304122800888631,temp,396.61007950000203
AutoTs,661.5763422277529,28.28165155552607,traffic_volume,610.1687568000016
