Models,MAE,MAPE,Time series label,Time
AutoTs,6.440970814263879,2.2519801535368273,temp,442.8955815
AutoTs,193.2009492261285,7.474936723987746,traffic_volume,27188.3053028
