Models,MAE,MAPE,Time series label,Time
AutoTs,6.798964492788622,2.376411897946818,temp,571.7134179000059
AutoTs,609.634396362274,32.66837170842825,traffic_volume,407.9735542999988
