Models,MAE,MAPE,Time series label,Time
AutoTs,4.147296865953509,1.4261920663033656,temp,405.446861299999
AutoTs,206.01627923463096,8.365331424800537,traffic_volume,438.4131103999971
