Models,MAE,MAPE,Time series label,Time
AutoTs,6.388749281930934,2.231006511360975,temp,439.9218219999966
AutoTs,584.7740395302953,31.091468828786883,traffic_volume,703.3420796999999
