Models,MAE,MAPE,Time series label,Time
AutoTs,4.337384983282767,1.4891452195361914,temp,469.82639210000343
AutoTs,533.7496821433186,30.111557312656466,traffic_volume,683.8580921999965
