Models,MAE,MAPE,Time series label,Time
AutoTs,8.807870763881223,3.06777326862948,temp,501.874604800003
AutoTs,563.3200818795235,29.170404271513455,traffic_volume,434.0610968999972
