Models,MAE,MAPE,Time series label,Time
AutoTs,5.361967335935413,1.9229049054989633,temp,87.89605010000014
AutoTs,886.7807625829505,54.30627448912308,traffic_volume,172.91751769999973
