Models,MAE,MAPE,Time series label,Time
AutoTs,5.267524915048773,1.8328774409331974,temp,509.5141603999946
AutoTs,232.399551326427,10.30919843294579,traffic_volume,543.6082475999938
