Models,MAE,MAPE,Time series label,Time
AutoTs,5.7047915678513,1.9863213269790285,temp,672.9904641
AutoTs,537.8252323246517,30.502568492018295,traffic_volume,543.4640254999999
