Models,MAE,MAPE,Time series label,Time
AutoTs,5.054914473684209,1.7308559325964397,temp,478.83910650000007
AutoTs,542.8735929568223,31.634607652811734,traffic_volume,526.2343182
