Models,MAE,MAPE,Time series label,Time
AutoTs,5.03011472183556,1.7447873335964315,temp,485.7981783
AutoTs,214.54407897651092,9.161584548679762,traffic_volume,564.0658728000003
