Models,MAE,MAPE,Time series label,Time
AutoTs,5.415787359353022,1.8829650958581479,temp,582.1570769999998
AutoTs,624.1073594177109,29.96830058063253,traffic_volume,839.2210696000002
