Models,MAE,MAPE,Time series label,Time
AutoTs,5.574878048780485,1.9389255603648994,temp,589.9805365
AutoTs,527.006065104793,28.87222952961065,traffic_volume,703.8873055000001
