Models,MAE,MAPE,Time series label,Time
AutoTs,5.036288025772897,1.7482609128040327,temp,425.37636790000033
AutoTs,515.1599613300567,30.751197594330876,traffic_volume,561.7482700999999
