Models,MAE,MAPE,Time series label,Time
AutoTs,5.155458580955478,1.7882528129429205,temp,418.01431390000016
AutoTs,603.7995724215269,32.042069109500304,traffic_volume,570.1450300000006
