Models,MAE,MAPE,Time series label,Time
AutoTs,4.28983884439285,1.4834099252360824,temp,575.641020199997
AutoTs,540.7102302117994,28.765169086118735,traffic_volume,502.1612410000016
