Models,MAE,MAPE,Time series label,Time
AutoTs,4.934287362637361,1.7114148527623991,temp,483.0823855000017
AutoTs,618.0241758241758,35.78659615561878,traffic_volume,508.74469390000013
