Models,MAE,MAPE,Time series label,Time
AutoTs,4.898978360361735,1.696834967217352,temp,608.4701586999981
AutoTs,612.5481233660748,30.31347317243706,traffic_volume,636.2374939000001
