Models,MAE,MAPE,Time series label,Time
AutoTs,5.276601030927837,1.833776660747291,temp,827.6904582
AutoTs,504.9772755363023,27.82202004755487,traffic_volume,671.5621113000001
