Models,MAE,MAPE,Time series label,Time
AutoTs,4.87370918367347,1.6799419193062923,temp,771.1794992
AutoTs,612.4304788796859,28.22400573035784,traffic_volume,949.1229631000001
