Models,MAE,MAPE,Time series label,Time
AutoTs,5.294177273238736,1.8384017728182056,temp,433.0241192999997
AutoTs,203.330202020202,8.682935045486424,traffic_volume,539.9577159
